{
  "model": "nvidia/nemotron-3-super-120b-a12b",
  "total": 50,
  "TP": 5,
  "TN": 40,
  "FP": 4,
  "FN": 1,
  "switch_accuracy": 0.9,
  "precision": 0.5555555555555556,
  "recall": 0.8333333333333334,
  "f1": 0.6666666666666667,
  "s1_accuracy": 0.88,
  "escalation_rate": 0.18,
  "avg_confidence": 8.34,
  "total_input_tokens": 245160,
  "total_output_tokens": 345616,
  "total_tokens": 590776,
  "total_elapsed_s": 9685.01
}