{
  "model": "nvidia/nemotron-3-super-120b-a12b",
  "total": 30,
  "TP": 6,
  "TN": 17,
  "FP": 4,
  "FN": 3,
  "switch_accuracy": 0.7666666666666667,
  "precision": 0.6,
  "recall": 0.6666666666666666,
  "f1": 0.631578947368421,
  "s1_accuracy": 0.7,
  "escalation_rate": 0.3333333333333333,
  "avg_confidence": 7.466666666666667,
  "total_input_tokens": 209595,
  "total_output_tokens": 302938,
  "total_tokens": 512533,
  "total_elapsed_s": 8052.21
}