{
  "model": "openai/gpt-oss-120b",
  "total": 30,
  "TP": 7,
  "TN": 19,
  "FP": 1,
  "FN": 3,
  "switch_accuracy": 0.8666666666666667,
  "precision": 0.875,
  "recall": 0.7,
  "f1": 0.7777777777777777,
  "s1_accuracy": 0.6666666666666666,
  "escalation_rate": 0.26666666666666666,
  "avg_confidence": 6.766666666666667,
  "total_input_tokens": 40619,
  "total_output_tokens": 40480,
  "total_tokens": 81099,
  "total_elapsed_s": 251.57
}