{
  "model": "openai/gpt-oss-120b",
  "total": 50,
  "TP": 8,
  "TN": 34,
  "FP": 4,
  "FN": 4,
  "switch_accuracy": 0.84,
  "precision": 0.6666666666666666,
  "recall": 0.6666666666666666,
  "f1": 0.6666666666666666,
  "s1_accuracy": 0.76,
  "escalation_rate": 0.24,
  "avg_confidence": 7.88,
  "total_input_tokens": 63890,
  "total_output_tokens": 66387,
  "total_tokens": 130277,
  "total_elapsed_s": 548.52
}