{
  "model": "qwen-3-235b-a22b-instruct-2507",
  "total": 30,
  "TP": 4,
  "TN": 23,
  "FP": 1,
  "FN": 2,
  "switch_accuracy": 0.9,
  "precision": 0.8,
  "recall": 0.6666666666666666,
  "f1": 0.7272727272727272,
  "s1_accuracy": 0.8,
  "escalation_rate": 0.16666666666666666,
  "avg_confidence": 8.933333333333334,
  "total_input_tokens": 158593,
  "total_output_tokens": 141984,
  "total_tokens": 300577,
  "total_elapsed_s": 955.09
}