{
  "model": "qwen-3-235b-a22b-instruct-2507",
  "total": 50,
  "TP": 4,
  "TN": 42,
  "FP": 3,
  "FN": 1,
  "switch_accuracy": 0.92,
  "precision": 0.5714285714285714,
  "recall": 0.8,
  "f1": 0.6666666666666666,
  "s1_accuracy": 0.9,
  "escalation_rate": 0.14,
  "avg_confidence": 8.98,
  "total_input_tokens": 236675,
  "total_output_tokens": 216563,
  "total_tokens": 453238,
  "total_elapsed_s": 1339.52
}